publish_date,n_articles
2025-01-07,155
2025-01-08,2281
2025-01-09,3252
2025-01-10,3056
2025-01-11,1605
2025-01-12,1804
2025-01-13,2347
2025-01-14,2026
2025-01-15,1457
2025-01-16,1408
2025-01-17,1118
2025-01-18,555
2025-01-19,516
2025-01-20,654
2025-01-21,702
2025-01-22,754
2025-01-23,856
2025-01-24,545
2025-01-25,325
2025-01-26,247
2025-01-27,545
2025-01-28,675
2025-01-29,441
2025-01-30,354
2025-01-31,524
2025-02-01,208
2025-02-02,318
2025-02-03,494
2025-02-04,194
2025-02-05,542
2025-02-06,890
2025-02-07,228
2025-02-08,144
2025-02-09,58
2025-02-10,170
2025-02-11,265
2025-02-12,162
2025-02-13,318
2025-02-14,363
2025-02-15,101
2025-02-16,52
2025-02-17,60
2025-02-18,95
2025-02-19,130
2025-02-20,126
2025-02-21,449
2025-02-22,235
2025-02-23,174
2025-02-24,143
2025-02-25,83
2025-02-26,121
2025-02-27,104
2025-02-28,98
2025-03-01,48
2025-03-02,50
2025-03-03,88
2025-03-04,101
2025-03-05,296
2025-03-06,198
2025-03-07,88
2025-03-08,44
2025-03-09,35
2025-03-10,55
2025-03-11,82
2025-03-12,89
2025-03-13,98
2025-03-14,58
2025-03-15,36
2025-03-16,28
2025-03-17,70
2025-03-18,56
2025-03-19,65
2025-03-20,64
2025-03-21,54
2025-03-22,28
2025-03-23,44
2025-03-24,77
2025-03-25,95
2025-03-26,73
2025-03-27,69
2025-03-28,83
2025-03-29,20
2025-03-30,50
2025-03-31,88
